target,r2_madelung_only,r2_madelung_plus_ml,r2_pure_ml
formation_energy_per_atom,-0.0006885909679534841,0.9167666882714556,0.9170157283409232
