model,MAE,RMSE,R2,dataset
RF,0.5818597646774776,0.7774432702503032,-0.09639115884873228,matbench_perovskites
XGBoost,0.49974695151367493,0.6929742234929851,0.12891152324670907,matbench_perovskites
LightGBM,0.47792234190051175,0.6523363739135842,0.22808176899272747,matbench_perovskites
