r2_hull_single,r2_hull_multi,improvement,mae_single,mae_multi,r2_formation_oof
0.8068242322920023,0.7856852491027888,-0.02113898318921348,0.1684006849662442,0.1731377147593436,0.9150393260655589
