target,R2,R2_CI_lo,R2_CI_hi,MAE,RMSE,PICP_cqr,MPIW_cqr,ECE_cqr,PICP_std,MPIW_std,ECE_std,sigma_pearson_r,sigma_pearson_p,phys_baseline_R2,AD_sigma_R2_trusted,AD_sigma_R2_untrusted,AD_knn_R2_trusted
formation_energy_per_atom,0.9143963768850104,0.9073534029037938,0.9215268422342557,0.18604466245894274,0.2883540967742511,0.801994301994302,0.8233349267221584,0.03431299985097609,0.8103378103378104,0.6111280273643978,0.08538928352623648,0.34527631366700035,1.3094313527185993e-137,0.7727503147827155,0.9454271404632838,0.8863973936168451,0.9154060697468236
energy_above_hull,0.799659199926361,0.7807170946702262,0.8164276141214882,0.17123024115378188,0.27402931277194276,0.8068783068783069,0.7186082777910542,0.0493602735416356,0.8146113146113146,0.5664000611384615,0.08639560876260494,0.3546357337704673,1.3896098575361505e-145,0.5811795881600659,0.8731363583655649,0.7484257437756695,0.7944053807859364
