RMSE,MAE,R2,method,target
0.295429941984689,0.19455800561597408,0.9101436211897145,pure_ml,formation_energy_per_atom
0.29994582265799935,0.19891475710947895,0.9073755739072591,standard_pgml,formation_energy_per_atom
0.3022365324558126,0.20110591070436828,0.9059554115616394,pcrl_v1(p=0.1),formation_energy_per_atom
0.3054611913588143,0.20484687145316055,0.9039379220451612,pcrl_v2_shap,formation_energy_per_atom
0.2739199751263171,0.17701764177756607,0.7998190399170351,pure_ml,energy_above_hull
0.2824174217368194,0.18382007488396482,0.7872065143564915,standard_pgml,energy_above_hull
0.28189354718937176,0.1838442954426493,0.7879952312651912,pcrl_v1(p=0.1),energy_above_hull
0.2892401539313214,0.19017094824420772,0.7768008539449331,pcrl_v2_shap,energy_above_hull
