formula_pretty,a_site_element,b_site_element,pred_energy_above_hull,pred_std,in_matbench,matbench_e_form,independently_studied,tolerance_factor,octahedral_factor,in_goldschmidt_zone,t_in_range,mu_in_range,pred_worst_loeo,robust_stable,validation_grade
LaTiO3,La,Ti,0.0052828124999999,0.003016782080478,True,0.02,True,0.973373923229362,0.4321428571428571,True,True,True,0.09827499999999997,False,moderate
PrCoO3,Pr,Co,0.00569375,0.0022138414012751,False,,False,0.9568808183220942,0.4357142857142857,True,True,True,0.06328749999999998,False,weak
GdCoO3,Gd,Co,0.0158046874999999,0.003465448527405,False,,False,0.9122029271724964,0.4357142857142857,True,True,True,0.17629999999999996,False,weak
YbCoO3,Yb,Co,0.0174062499999999,0.0053103635409922,False,,False,0.8858183457849387,0.4357142857142857,True,True,True,0.17548749999999994,False,weak
DyCoO3,Dy,Co,0.0189312499999999,0.0040619566944392,False,,False,0.9030562722914764,0.4357142857142857,True,True,True,0.18256249999999993,False,weak
ErFeO3,Er,Fe,0.0193281249999999,0.0099421073242484,False,,False,0.8796477512658075,0.4607142857142857,True,True,True,0.3889250000000001,False,weak
YCoO3,Y,Co,0.0254218749999999,0.0064137600796549,True,0.6,True,0.9002419169434703,0.4357142857142857,True,True,True,0.24857499999999985,False,moderate
SrNpO3,Sr,Np,0.0254812499999999,0.0107340015400828,False,,False,0.8769359207728361,0.6357142857142858,True,True,True,0.14164999999999994,False,weak
LaAlO3,La,Al,0.032525,0.0051000765925621,True,-0.1,True,1.0085864165761609,0.3821428571428572,False,True,False,0.17155000000000004,False,weak
