{"element": "Be", "n_test": 73, "r2_standard": 0.4852151429311248, "r2_domain_adapt": 0.4774777109301853}