{"element": "Zr", "n_test": 70, "r2_standard": 0.5741765474042015, "r2_domain_adapt": 0.6705331104517771}