{"element": "Ba", "n_test": 72, "r2_standard": 0.9593820057043608, "r2_domain_adapt": 0.9142404650800331}