{"element": "Mg", "n_test": 71, "r2_standard": 0.6547903408011936, "r2_domain_adapt": 0.7232828028600469}