{"element": "Sm", "n_test": 70, "r2_standard": 0.8853348566721879, "r2_domain_adapt": 0.8784977368285282}