{"element": "Hf", "n_test": 68, "r2_standard": 0.6967282904186429, "r2_domain_adapt": 0.675010153519798}