{"element": "Yb", "n_test": 71, "r2_standard": 0.7197819114173063, "r2_domain_adapt": 0.697514778776063}