{"element": "Pb", "n_test": 62, "r2_standard": 0.566529605452603, "r2_domain_adapt": 0.6949097681399495}