{"element": "Al", "n_test": 72, "r2_standard": 0.3538024871201435, "r2_domain_adapt": 0.42176147396164254}