{"element": "Ir", "n_test": 72, "r2_standard": 0.7416855000055733, "r2_domain_adapt": 0.742788460641272}