{"element": "Tc", "n_test": 69, "r2_standard": 0.6992676839619663, "r2_domain_adapt": 0.6453955177476052}