{"element": "Mn", "n_test": 71, "r2_standard": 0.6964123553937221, "r2_domain_adapt": 0.6558335578936711}