{"element": "Ca", "n_test": 64, "r2_standard": 0.8425456614400777, "r2_domain_adapt": 0.6842688441705598}