{"element": "Nd", "n_test": 71, "r2_standard": 0.8809663524429727, "r2_domain_adapt": 0.9002802188002524}