{"element": "Pd", "n_test": 72, "r2_standard": 0.8394969546829459, "r2_domain_adapt": 0.7725115363691449}