{"element": "Au", "n_test": 73, "r2_standard": 0.8208496906688301, "r2_domain_adapt": 0.7374344260500807}