{"element": "Sc", "n_test": 70, "r2_standard": 0.6280350947313422, "r2_domain_adapt": 0.6477492869992663}