{"element": "Ga", "n_test": 72, "r2_standard": 0.7547831197188569, "r2_domain_adapt": 0.7060613320145462}