{"element": "Gd", "n_test": 71, "r2_standard": 0.9216065245387759, "r2_domain_adapt": 0.9381942442346126}