{"element": "Er", "n_test": 71, "r2_standard": 0.8611698228675928, "r2_domain_adapt": 0.8806724670533624}