{"element": "Cd", "n_test": 72, "r2_standard": 0.8762006448890889, "r2_domain_adapt": 0.8728023353795887}