{"element": "Ru", "n_test": 69, "r2_standard": 0.896535476043865, "r2_domain_adapt": 0.8955247834274674}