{"element": "Ce", "n_test": 71, "r2_standard": 0.8873742403080191, "r2_domain_adapt": 0.9248860923703197}