{"element": "Te", "n_test": 73, "r2_standard": 0.3557776948622272, "r2_domain_adapt": 0.2552275092771511}