{"element": "W", "n_test": 71, "r2_standard": 0.7169782088285204, "r2_domain_adapt": 0.5231384648000179}