{"element": "Pr", "n_test": 69, "r2_standard": 0.9481284028813123, "r2_domain_adapt": 0.9619528912781199}