{"element": "K", "n_test": 73, "r2_standard": 0.9432141034900949, "r2_domain_adapt": 0.9646338905603652}