{"element": "Ho", "n_test": 71, "r2_standard": 0.9281311675216412, "r2_domain_adapt": 0.9057289892157252}