{"element": "Bi", "n_test": 72, "r2_standard": 0.776600731627356, "r2_domain_adapt": 0.7029676271793148}