{"element": "Si", "n_test": 73, "r2_standard": 0.6441499884086511, "r2_domain_adapt": 0.6636309940200646}