{"element": "Ge", "n_test": 69, "r2_standard": 0.454170311764027, "r2_domain_adapt": 0.5587262968780928}