{"element": "Re", "n_test": 70, "r2_standard": 0.6577782497975391, "r2_domain_adapt": 0.6196352994596115}