{"element": "Ta", "n_test": 70, "r2_standard": 0.5099100431543766, "r2_domain_adapt": 0.6119930171955075}