{"element": "Ag", "n_test": 71, "r2_standard": 0.8151923764307561, "r2_domain_adapt": 0.8120547877101271}