{"element": "Lu", "n_test": 72, "r2_standard": 0.7793119326308676, "r2_domain_adapt": 0.8034863538351867}