{"element": "Mo", "n_test": 70, "r2_standard": 0.7807999295513703, "r2_domain_adapt": 0.8088346949240458}