{"element": "Os", "n_test": 69, "r2_standard": -1.0415329991327886, "r2_domain_adapt": -0.863746275948212}