{"element": "Sn", "n_test": 70, "r2_standard": 0.6873867706026934, "r2_domain_adapt": 0.7564799906427193}