{"element": "Sb", "n_test": 72, "r2_standard": 0.5554735334848283, "r2_domain_adapt": 0.6463232952663258}