{"element": "La", "n_test": 67, "r2_standard": 0.9082976877331977, "r2_domain_adapt": 0.9280348959052167}