{"element": "V", "n_test": 64, "r2_standard": 0.7551674598536563, "r2_domain_adapt": 0.7438395159529907}