{"element": "Pa", "n_test": 52, "r2_standard": 0.3008603177996977, "r2_domain_adapt": 0.3905283313487773}