{"element": "Eu", "n_test": 73, "r2_standard": 0.7508464252534686, "r2_domain_adapt": 0.6856931199693332}