{"element": "Dy", "n_test": 70, "r2_standard": 0.9405305643714978, "r2_domain_adapt": 0.9531000039253225}