{"element": "Sr", "n_test": 71, "r2_standard": 0.927233327423282, "r2_domain_adapt": 0.9449619370560689}