{"element": "Na", "n_test": 73, "r2_standard": 0.9397930497466037, "r2_domain_adapt": 0.9515184669316784}