{"element": "Rb", "n_test": 72, "r2_standard": 0.9618901246364417, "r2_domain_adapt": 0.9794526417788775}