{"element": "Cr", "n_test": 64, "r2_standard": 0.6757215199618132, "r2_domain_adapt": 0.6016228120307611}