{"element": "Ac", "n_test": 71, "r2_standard": 0.39484596383936676, "r2_domain_adapt": 0.4469729586007043}