{"element": "Li", "n_test": 72, "r2_standard": 0.9001956262446288, "r2_domain_adapt": 0.8808380793387408}