{"element": "Ti", "n_test": 69, "r2_standard": 0.7644651931787244, "r2_domain_adapt": 0.7585368134627781}