{"element": "Pm", "n_test": 71, "r2_standard": 0.8140259332747193, "r2_domain_adapt": 0.8003637599371773}