{"element": "Zn", "n_test": 70, "r2_standard": 0.8089187120696456, "r2_domain_adapt": 0.7691582332953277}