{"element": "In", "n_test": 66, "r2_standard": 0.6110025502752114, "r2_domain_adapt": 0.5711650721417973}