{"element": "Y", "n_test": 68, "r2_standard": 0.8757985800891301, "r2_domain_adapt": 0.8963881936756525}