{"element": "Nb", "n_test": 68, "r2_standard": 0.7452808554513717, "r2_domain_adapt": 0.7633252167294363}