{"element": "As", "n_test": 73, "r2_standard": 0.6610013297349404, "r2_domain_adapt": 0.6231282696402691}