{"element": "Rh", "n_test": 71, "r2_standard": 0.8761079947684696, "r2_domain_adapt": 0.8831490652516354}