{"element": "Tl", "n_test": 73, "r2_standard": 0.8805614098976094, "r2_domain_adapt": 0.8505693819104774}