{"element": "U", "n_test": 56, "r2_standard": 0.6556006278508197, "r2_domain_adapt": 0.6160611215149632}