{"element": "Cu", "n_test": 72, "r2_standard": 0.8522717259773478, "r2_domain_adapt": 0.826515250929701}