{"element": "Tm", "n_test": 71, "r2_standard": 0.8880715982518333, "r2_domain_adapt": 0.8926203924482489}