{"element": "Pt", "n_test": 71, "r2_standard": 0.8487461213623633, "r2_domain_adapt": 0.8749758509814091}