{"element": "Th", "n_test": 69, "r2_standard": 0.5909175723041512, "r2_domain_adapt": 0.6096871538556871}