{"element": "Hg", "n_test": 73, "r2_standard": 0.791102279858352, "r2_domain_adapt": 0.8237989428056431}