{"element": "Tb", "n_test": 72, "r2_standard": 0.7505484900515585, "r2_domain_adapt": 0.7402942368303298}