{"element": "Cs", "n_test": 64, "r2_standard": 0.9192559388475549, "r2_domain_adapt": 0.896307388790981}