{"element": "B", "n_test": 73, "r2_standard": -0.6083668876977983, "r2_domain_adapt": -0.603562082639876}