{"n_test": 70, "r2_pure_ml": 0.6436502262903898, "r2_krr_ml": 0.6264746936960996, "r2_sr_ml": 0.5528013987546678, "r2_krr_only": 0.3109110170032908, "r2_sr_only": -1.0168284562136667, "element": "Re"}