{"n_test": 70, "r2_pure_ml": 0.821541696738859, "r2_krr_ml": 0.7301088522244414, "r2_sr_ml": 0.7325497505719372, "r2_krr_only": 0.34382740458133576, "r2_sr_only": -0.17614796537217803, "element": "Zn"}