{"n_test": 69, "r2_pure_ml": 0.5847861919679818, "r2_krr_ml": 0.5714147526576412, "r2_sr_ml": 0.5991569651834527, "r2_krr_only": 0.6957885543838722, "r2_sr_only": 0.18256372790281072, "element": "Th"}