{"n_test": 56, "r2_pure_ml": 0.6639083052912644, "r2_krr_ml": 0.5622759356740465, "r2_sr_ml": 0.665706252450897, "r2_krr_only": 0.09415998840158224, "r2_sr_only": -0.3390293203160031, "element": "U"}