{"n_test": 71, "r2_pure_ml": 0.8412498275168007, "r2_krr_ml": 0.8720926676648268, "r2_sr_ml": 0.7605927366069554, "r2_krr_only": 0.7919518601654862, "r2_sr_only": 0.1256490484675381, "element": "Rh"}