{"n_test": 71, "r2_pure_ml": 0.8609429375627959, "r2_krr_ml": 0.8708336410783168, "r2_sr_ml": 0.8655493788951829, "r2_krr_only": 0.8200901185587259, "r2_sr_only": 0.17490667902280133, "element": "Er"}