{"n_test": 71, "r2_pure_ml": 0.8256126180869356, "r2_krr_ml": 0.7317401989339158, "r2_sr_ml": 0.8303689325883, "r2_krr_only": 0.764642742243016, "r2_sr_only": 0.029629264534753674, "element": "Pm"}