{"n_test": 69, "r2_pure_ml": 0.8953733408982618, "r2_krr_ml": 0.8852707227951682, "r2_sr_ml": 0.7857655043323458, "r2_krr_only": 0.7191882331366315, "r2_sr_only": 0.25544562148238625, "element": "Ru"}