{"n_test": 72, "r2_pure_ml": 0.48435858865268266, "r2_krr_ml": 0.10897572026458102, "r2_sr_ml": 0.5927468725177363, "r2_krr_only": 0.03620058734579357, "r2_sr_only": 0.22517349294197386, "element": "Sb"}