{"n_test": 73, "r2_pure_ml": 0.936853485429339, "r2_krr_ml": 0.6105772670722938, "r2_sr_ml": 0.9228380781022258, "r2_krr_only": 0.4795751826995138, "r2_sr_only": -0.9148235585547013, "element": "Na"}