{"n_test": 71, "r2_pure_ml": 0.9308121784156964, "r2_krr_ml": 0.9340713532533731, "r2_sr_ml": 0.9274379951906359, "r2_krr_only": 0.8423402766775685, "r2_sr_only": 0.1940047517325113, "element": "Ho"}