{"n_test": 69, "r2_pure_ml": 0.9476246658994556, "r2_krr_ml": 0.9417401194856283, "r2_sr_ml": 0.9405346850928634, "r2_krr_only": 0.7789810965479425, "r2_sr_only": 0.15969869058872543, "element": "Pr"}