{"n_test": 69, "r2_pure_ml": 0.6510858578110037, "r2_krr_ml": 0.6805697069558512, "r2_sr_ml": 0.6379752133525423, "r2_krr_only": 0.5493075688135644, "r2_sr_only": 0.2526044763101095, "element": "Tc"}