{"n_test": 72, "r2_pure_ml": 0.7217333068432125, "r2_krr_ml": 0.34569954821642424, "r2_sr_ml": 0.7553797489174504, "r2_krr_only": -0.25593311507289807, "r2_sr_only": -0.18436001532718405, "element": "Bi"}