{"n_test": 71, "r2_pure_ml": 0.9045584095381742, "r2_krr_ml": 0.9085879604919341, "r2_sr_ml": 0.855075680491623, "r2_krr_only": 0.8488432938262975, "r2_sr_only": 0.13694408168102468, "element": "Sr"}