{"n_test": 68, "r2_pure_ml": 0.7327769162189923, "r2_krr_ml": 0.7268589628382012, "r2_sr_ml": 0.6965159269774276, "r2_krr_only": 0.34876997708588753, "r2_sr_only": 0.1453788346871785, "element": "Nb"}