{"n_test": 70, "r2_pure_ml": 0.6540316343010564, "r2_krr_ml": 0.2388414390750564, "r2_sr_ml": 0.6649917968968857, "r2_krr_only": -0.013619225746529962, "r2_sr_only": 0.03706827928603518, "element": "Sn"}