{"n_test": 52, "r2_pure_ml": 0.3193873154296911, "r2_krr_ml": 0.2888217595809768, "r2_sr_ml": 0.3630477316571893, "r2_krr_only": 0.23063942188147413, "r2_sr_only": 0.12099551973208655, "element": "Pa"}