{"n_test": 73, "r2_pure_ml": 0.7923297740704517, "r2_krr_ml": 0.7611148278260735, "r2_sr_ml": 0.8584999259423314, "r2_krr_only": 0.5925719513505829, "r2_sr_only": -0.12130684533896408, "element": "Hg"}