{"n_test": 64, "r2_pure_ml": 0.6587438504398405, "r2_krr_ml": 0.7866690633249381, "r2_sr_ml": 0.6245988232255152, "r2_krr_only": 0.8068789137385108, "r2_sr_only": 0.3219187082221222, "element": "Cr"}