{"n_test": 70, "r2_pure_ml": 0.8718710218000112, "r2_krr_ml": 0.897053167706855, "r2_sr_ml": 0.8840628294571506, "r2_krr_only": 0.8343443385546727, "r2_sr_only": 0.12179792194022332, "element": "Sm"}