{"n_test": 70, "r2_pure_ml": 0.7650601655551147, "r2_krr_ml": 0.7332173940496778, "r2_sr_ml": 0.5212467289887543, "r2_krr_only": 0.3966995521550247, "r2_sr_only": 0.08097531821024462, "element": "Mo"}