{"n_test": 72, "r2_pure_ml": 0.3311460801867787, "r2_krr_ml": 0.5501130125197755, "r2_sr_ml": 0.42519478981661607, "r2_krr_only": 0.5071063889893519, "r2_sr_only": 0.125169669813595, "element": "Al"}