{"n_test": 71, "r2_pure_ml": 0.8591665048587108, "r2_krr_ml": 0.9089818003908678, "r2_sr_ml": 0.8780993723027677, "r2_krr_only": 0.7336088611559759, "r2_sr_only": -0.10936356556170512, "element": "Ag"}