{"n_test": 71, "r2_pure_ml": 0.8706466978301576, "r2_krr_ml": 0.895855865040228, "r2_sr_ml": 0.771440623113875, "r2_krr_only": 0.7634763752350618, "r2_sr_only": -0.15532711060048698, "element": "Ce"}