{"n_test": 69, "r2_pure_ml": 0.7868637816734452, "r2_krr_ml": 0.7243219689744148, "r2_sr_ml": 0.7295467978511375, "r2_krr_only": 0.37302000458323403, "r2_sr_only": 0.24789909914845565, "element": "Ti"}