{"n_test": 72, "r2_pure_ml": 0.9602655367378644, "r2_krr_ml": 0.9018973428188004, "r2_sr_ml": 0.9422011746791813, "r2_krr_only": 0.7440188146961437, "r2_sr_only": -1.3992225015856214, "element": "Rb"}