{"n_test": 70, "r2_pure_ml": 0.64087793789443, "r2_krr_ml": 0.44936536633600077, "r2_sr_ml": 0.6514980313407146, "r2_krr_only": 0.2928233262760943, "r2_sr_only": 0.3379513736440458, "element": "Sc"}