{"n_test": 70, "r2_pure_ml": 0.9433678085153339, "r2_krr_ml": 0.9386247165168005, "r2_sr_ml": 0.9353908961722706, "r2_krr_only": 0.8581119410894193, "r2_sr_only": 0.17307691588061092, "element": "Dy"}