{"n_test": 67, "r2_pure_ml": 0.9093233716573373, "r2_krr_ml": 0.9066656723498587, "r2_sr_ml": 0.8363686244747565, "r2_krr_only": 0.6859317148567905, "r2_sr_only": -0.1504614472621566, "element": "La"}