{"n_test": 70, "r2_pure_ml": 0.5020686708044929, "r2_krr_ml": 0.6198195392738739, "r2_sr_ml": 0.6555953227754929, "r2_krr_only": 0.21910776214523697, "r2_sr_only": -0.12356146022590786, "element": "Ta"}