{"n_test": 69, "r2_pure_ml": 0.588173537057773, "r2_krr_ml": 0.5885858758977316, "r2_sr_ml": 0.6029082458743094, "r2_krr_only": 0.4801891018639378, "r2_sr_only": 0.383773922467441, "element": "Ge"}