{"n_test": 72, "r2_pure_ml": 0.7258557784588865, "r2_krr_ml": 0.8061381399511576, "r2_sr_ml": 0.7473241311880323, "r2_krr_only": 0.7567426691839751, "r2_sr_only": 0.32935573644009175, "element": "Ga"}