{"n_test": 72, "r2_pure_ml": 0.9392629294830274, "r2_krr_ml": 0.94705992051701, "r2_sr_ml": 0.9072720924176793, "r2_krr_only": 0.831424476199945, "r2_sr_only": 0.12719664881648562, "element": "Ba"}