{"n_test": 72, "r2_pure_ml": 0.8672283756877257, "r2_krr_ml": 0.9124354728149269, "r2_sr_ml": 0.8513048452415388, "r2_krr_only": 0.7877836238238094, "r2_sr_only": 0.20821957236731725, "element": "Cd"}