{"n_test": 72, "r2_pure_ml": 0.8191171833471317, "r2_krr_ml": 0.7955463237618943, "r2_sr_ml": 0.744944698172532, "r2_krr_only": 0.684069540415265, "r2_sr_only": -0.01759430984757482, "element": "Pd"}