{"n_test": 71, "r2_pure_ml": 0.764804880813994, "r2_krr_ml": 0.6691325442325589, "r2_sr_ml": 0.7747609666633133, "r2_krr_only": 0.4918558270058947, "r2_sr_only": 0.09411717977081313, "element": "Yb"}