{"n_test": 73, "r2_pure_ml": 0.6275839651217097, "r2_krr_ml": 0.5326800874682671, "r2_sr_ml": 0.5273620481498674, "r2_krr_only": 0.563233544859197, "r2_sr_only": -0.047753672323757046, "element": "Si"}