{"n_test": 64, "r2_pure_ml": 0.9191058723143191, "r2_krr_ml": 0.8661965214387842, "r2_sr_ml": 0.8736025681265647, "r2_krr_only": 0.7889497323660455, "r2_sr_only": -1.9796317438315274, "element": "Cs"}