{"n_test": 73, "r2_pure_ml": 0.7480766638884988, "r2_krr_ml": 0.7176560318171512, "r2_sr_ml": 0.7389917739432368, "r2_krr_only": 0.6437079003568372, "r2_sr_only": -0.08633048224998796, "element": "Eu"}