{"n_test": 73, "r2_pure_ml": 0.482580174210943, "r2_krr_ml": 0.432261888225107, "r2_sr_ml": 0.6594103661397342, "r2_krr_only": 0.4033448504936872, "r2_sr_only": -0.20357707121363777, "element": "Be"}