{"n_test": 72, "r2_pure_ml": 0.708843172567672, "r2_krr_ml": 0.7033706810719904, "r2_sr_ml": 0.7130738099558325, "r2_krr_only": 0.6236587188718019, "r2_sr_only": 0.2783091334354778, "element": "Tb"}