{"n_test": 71, "r2_pure_ml": 0.6795875043277422, "r2_krr_ml": 0.4503559159723294, "r2_sr_ml": 0.709818543277039, "r2_krr_only": 0.16188928306135386, "r2_sr_only": 0.1251743900529706, "element": "W"}