{"n_test": 73, "r2_pure_ml": 0.8537935711193316, "r2_krr_ml": 0.6090668393157038, "r2_sr_ml": 0.7758293853536912, "r2_krr_only": 0.49018125972954074, "r2_sr_only": -0.18836964847153448, "element": "Au"}