{"n_test": 72, "r2_pure_ml": 0.8963235155961776, "r2_krr_ml": 0.6731996958500718, "r2_sr_ml": 0.9082695621238058, "r2_krr_only": 0.24961336585451022, "r2_sr_only": -0.8739744404126608, "element": "Li"}