{"n_test": 71, "r2_pure_ml": 0.3299831855242027, "r2_krr_ml": 0.5470542087263064, "r2_sr_ml": 0.47196170921678116, "r2_krr_only": 0.7062888652950712, "r2_sr_only": -0.3977328803251339, "element": "Ac"}