{"n_test": 71, "r2_pure_ml": 0.6823285072141648, "r2_krr_ml": 0.7040390653907, "r2_sr_ml": 0.7123833320316628, "r2_krr_only": 0.6681892419453137, "r2_sr_only": -0.14319456830348098, "element": "Mg"}