{"n_test": 71, "r2_pure_ml": 0.8697296243833919, "r2_krr_ml": 0.8905436172742209, "r2_sr_ml": 0.8840854977469863, "r2_krr_only": 0.8183691769863041, "r2_sr_only": 0.12548786032479586, "element": "Tm"}