{"n_test": 73, "r2_pure_ml": 0.8529714827067727, "r2_krr_ml": 0.5072093651979993, "r2_sr_ml": 0.8083993986298579, "r2_krr_only": 0.2647561033257215, "r2_sr_only": 0.30717161135411286, "element": "Tl"}