{"n_test": 71, "r2_pure_ml": 0.9219928335943312, "r2_krr_ml": 0.9263228024676489, "r2_sr_ml": 0.9052552543975312, "r2_krr_only": 0.8652113974993608, "r2_sr_only": 0.09766042327845403, "element": "Gd"}