{"n_test": 68, "r2_pure_ml": 0.6636725141162598, "r2_krr_ml": 0.6161010098443589, "r2_sr_ml": 0.6399118939470058, "r2_krr_only": 0.4252758005973566, "r2_sr_only": 0.20939011820803388, "element": "Hf"}