{"n_test": 73, "r2_pure_ml": 0.9262689509117625, "r2_krr_ml": 0.7357680176669137, "r2_sr_ml": 0.9131999112073298, "r2_krr_only": 0.738923532720118, "r2_sr_only": -2.3241020187215535, "element": "K"}