{"n_test": 73, "r2_pure_ml": 0.6598362009870183, "r2_krr_ml": 0.6558973059835784, "r2_sr_ml": 0.6281266891543205, "r2_krr_only": 0.5683008961112582, "r2_sr_only": 0.24888565789786365, "element": "As"}