{"n_test": 72, "r2_pure_ml": 0.874923134333177, "r2_krr_ml": 0.8407149489235235, "r2_sr_ml": 0.8953385959151657, "r2_krr_only": 0.5630067683334014, "r2_sr_only": 0.12057313463530694, "element": "Cu"}