{"n_test": 71, "r2_pure_ml": 0.6830722439686576, "r2_krr_ml": 0.7729438324224096, "r2_sr_ml": 0.7274592796746744, "r2_krr_only": 0.8235457285829482, "r2_sr_only": 0.19838856291444718, "element": "Mn"}