{"n_test": 70, "r2_pure_ml": 0.5668589765508213, "r2_krr_ml": 0.7211567048696765, "r2_sr_ml": 0.5377726106516763, "r2_krr_only": 0.6225985277770041, "r2_sr_only": 0.30258540536274015, "element": "Zr"}