{"n_test": 72, "r2_pure_ml": 0.7742062854120308, "r2_krr_ml": 0.8012971204181154, "r2_sr_ml": 0.8087719528728048, "r2_krr_only": 0.7804784519823785, "r2_sr_only": 0.27837850785120644, "element": "Lu"}