{"n_test": 72, "r2_pure_ml": 0.708883401578259, "r2_krr_ml": 0.7180814864156838, "r2_sr_ml": 0.678258073136184, "r2_krr_only": 0.657573427824244, "r2_sr_only": -0.6264803250973285, "element": "Ir"}