{"n_test": 73, "r2_pure_ml": -0.8799031087698204, "r2_krr_ml": -0.508825328906354, "r2_sr_ml": -0.6939518067603556, "r2_krr_only": -0.3402382487604594, "r2_sr_only": -1.0674509292470447, "element": "B"}