{"n_test": 68, "r2_pure_ml": 0.8897831233250214, "r2_krr_ml": 0.7680328848704302, "r2_sr_ml": 0.7916112476978652, "r2_krr_only": 0.606111590868297, "r2_sr_only": 0.27618856409350223, "element": "Y"}