{"n_test": 64, "r2_pure_ml": 0.8050987693451734, "r2_krr_ml": 0.6463647820732193, "r2_sr_ml": 0.8597623620793093, "r2_krr_only": 0.48965742871848483, "r2_sr_only": 0.06275809670348187, "element": "Ca"}