{"n_test": 69, "r2_pure_ml": -0.888437310849185, "r2_krr_ml": -0.875023030118659, "r2_sr_ml": -1.0938553887788278, "r2_krr_only": -0.45166485659918165, "r2_sr_only": -2.359055111507258, "element": "Os"}