{"n_test": 71, "r2_pure_ml": 0.8105617222126967, "r2_krr_ml": 0.7716959379165833, "r2_sr_ml": 0.835429345651634, "r2_krr_only": 0.7595027485874685, "r2_sr_only": -0.20233887687267837, "element": "Pt"}