{"n_test": 64, "r2_pure_ml": 0.7242235870323549, "r2_krr_ml": 0.7366594386276313, "r2_sr_ml": 0.7330838018946244, "r2_krr_only": 0.31951094428042814, "r2_sr_only": 0.25830567892684, "element": "V"}