{"n_test": 71, "r2_pure_ml": 0.8729119745508941, "r2_krr_ml": 0.889528448607134, "r2_sr_ml": 0.8889317482080421, "r2_krr_only": 0.8273785342785788, "r2_sr_only": -0.17525447430125474, "element": "Nd"}