{"n_test": 73, "r2_pure_ml": 0.3033744912367762, "r2_krr_ml": 0.3722172812843384, "r2_sr_ml": 0.2972485767889129, "r2_krr_only": 0.3696435705515273, "r2_sr_only": 0.29484503349016133, "element": "Te"}