{"n_test": 66, "r2_pure_ml": 0.6609552255273495, "r2_krr_ml": 0.6536751705176767, "r2_sr_ml": 0.5103541056460035, "r2_krr_only": 0.6825567186014206, "r2_sr_only": 0.09039540179999395, "element": "In"}