{"n_test": 62, "r2_pure_ml": 0.5889486278886171, "r2_krr_ml": -0.7457195166930475, "r2_sr_ml": -0.33720889076407135, "r2_krr_only": -2.458066465375548, "r2_sr_only": -1.3107400829019267, "element": "Pb"}